rung,seed,rmse,persistence,skill,b1_rmse,delta,params,ladder
T,42,16.765249252319336,19.11260414123535,0.12281711438011782,17.254837036132812,0.48958778381347656,17220,2
T,43,15.88171100616455,17.97795867919922,0.1166009840405329,16.307798385620117,0.4260873794555664,17220,2
T,44,18.076175689697266,20.755931854248047,0.12910796698353605,20.3840389251709,2.307863235473633,17220,2
T,45,16.387296676635742,18.384902954101562,0.10865470883653298,16.87846565246582,0.4911689758300781,17220,2
T,46,15.2886323928833,16.996112823486328,0.1004629969414842,15.564866065979004,0.2762336730957031,17220,2
T,47,17.577951431274414,19.918912887573242,0.11752455917206593,18.21786117553711,0.6399097442626953,17220,2
T,48,16.510692596435547,18.424585342407227,0.10387711367194459,17.026798248291016,0.5161056518554688,17220,2
T,49,18.419452667236328,20.035024642944336,0.08063738400626116,19.05434799194336,0.6348953247070312,17220,2
T,50,18.5773983001709,20.844676971435547,0.10877015145744923,19.20254898071289,0.6251506805419922,17220,2
T,51,15.636417388916016,17.95376968383789,0.12907329968747297,16.01685905456543,0.38044166564941406,17220,2
T,52,17.970565795898438,20.654285430908203,0.12993524486660288,18.649375915527344,0.6788101196289062,17220,2
"T,C",42,16.567598342895508,19.11260414123535,0.13315850522164094,17.254837036132812,0.6872386932373047,17222,2
"T,C",43,15.63636589050293,17.97795867919922,0.13024797923278958,16.307798385620117,0.6714324951171875,17222,2
"T,C",44,17.7935791015625,20.755931854248047,0.14272318744770074,20.3840389251709,2.5904598236083984,17222,2
"T,C",45,16.066038131713867,18.384902954101562,0.12612874966905227,16.87846565246582,0.8124275207519531,17222,2
"T,C",46,14.93623161315918,16.996112823486328,0.1211971956011419,15.564866065979004,0.6286344528198242,17222,2
"T,C",47,17.6960391998291,19.918912887573242,0.11159613480366787,18.21786117553711,0.5218219757080078,17222,2
"T,C",48,16.555084228515625,18.424585342407227,0.10146774427474554,17.026798248291016,0.4717140197753906,17222,2
"T,C",49,18.502647399902344,20.035024642944336,0.07648491930263955,19.05434799194336,0.5517005920410156,17222,2
"T,C",50,18.48314094543457,20.844676971435547,0.1132920423394952,19.20254898071289,0.7194080352783203,17222,2
"T,C",51,15.492066383361816,17.95376968383789,0.13711344992311653,16.01685905456543,0.5247926712036133,17222,2
"T,C",52,17.79810905456543,20.654285430908203,0.13828492812773058,18.649375915527344,0.8512668609619141,17222,2
"T,M",42,16.572261810302734,19.11260414123535,0.13291450564038215,17.254837036132812,0.6825752258300781,17230,2
"T,M",43,15.64603042602539,17.97795867919922,0.1297104023201425,16.307798385620117,0.6617679595947266,17230,2
"T,M",44,18.099027633666992,20.755931854248047,0.12800698321994514,20.3840389251709,2.2850112915039062,17230,2
"T,M",45,16.214237213134766,18.384902954101562,0.11806783785511005,16.87846565246582,0.6642284393310547,17230,2
"T,M",46,15.111603736877441,16.996112823486328,0.11087882895227373,15.564866065979004,0.4532623291015625,17230,2
"T,M",47,17.700361251831055,19.918912887573242,0.11137915248006679,18.21786117553711,0.5174999237060547,17230,2
"T,M",48,16.543285369873047,18.424585342407227,0.10210813093329471,17.026798248291016,0.48351287841796875,17230,2
"T,M",49,18.081472396850586,20.035024642944336,0.09750685516534793,19.05434799194336,0.9728755950927734,17230,2
"T,M",50,18.456565856933594,20.844676971435547,0.1145669524058586,19.20254898071289,0.7459831237792969,17230,2
"T,M",51,15.702155113220215,17.95376968383789,0.125411799876468,16.01685905456543,0.31470394134521484,17230,2
"T,M",52,17.857135772705078,20.654285430908203,0.13542708449343482,18.649375915527344,0.7922401428222656,17230,2
"T,M,Y",42,16.422231674194336,19.11260414123535,0.1407643064838323,17.254837036132812,0.8326053619384766,17234,2
"T,M,Y",43,15.591781616210938,17.97795867919922,0.13272792009190262,16.307798385620117,0.7160167694091797,17234,2
"T,M,Y",44,18.04322624206543,20.755931854248047,0.13069543835621222,20.3840389251709,2.3408126831054688,17234,2
"T,M,Y",45,16.011281967163086,18.384902954101562,0.1291070718656655,16.87846565246582,0.8671836853027344,17234,2
"T,M,Y",46,15.054677963256836,16.996112823486328,0.11422816972282579,15.564866065979004,0.510188102722168,17234,2
"T,M,Y",47,17.562999725341797,19.918912887573242,0.11827518778402923,18.21786117553711,0.6548614501953125,17234,2
"T,M,Y",48,16.517763137817383,18.424585342407227,0.10349335787769277,17.026798248291016,0.5090351104736328,17234,2
"T,M,Y",49,17.97878646850586,20.035024642944336,0.10263217595605079,19.05434799194336,1.0755615234375,17234,2
"T,M,Y",50,18.50731658935547,20.844676971435547,0.11213224293583797,19.20254898071289,0.6952323913574219,17234,2
"T,M,Y",51,15.755532264709473,17.95376968383789,0.12243876677928461,16.01685905456543,0.26132678985595703,17234,2
"T,M,Y",52,17.70411491394043,20.654285430908203,0.14283575807241322,18.649375915527344,0.9452610015869141,17234,2
"T,M,Y,I",42,16.403575897216797,19.11260414123535,0.14174040460419726,17.254837036132812,0.8512611389160156,17237,2
"T,M,Y,I",43,15.573409080505371,17.97795867919922,0.1337498679133104,16.307798385620117,0.7343893051147461,17237,2
"T,M,Y,I",44,18.013172149658203,20.755931854248047,0.13214341441521416,20.3840389251709,2.3708667755126953,17237,2
"T,M,Y,I",45,15.90317153930664,18.384902954101562,0.13498746340900658,16.87846565246582,0.9752941131591797,17237,2
"T,M,Y,I",46,15.122410774230957,16.996112823486328,0.11024297548002673,15.564866065979004,0.4424552917480469,17237,2
"T,M,Y,I",47,17.54266929626465,19.918912887573242,0.11929584735475471,18.21786117553711,0.6751918792724609,17237,2
"T,M,Y,I",48,16.51116943359375,18.424585342407227,0.103851233189462,17.026798248291016,0.5156288146972656,17237,2
"T,M,Y,I",49,18.31145477294922,20.035024642944336,0.08602783878292362,19.05434799194336,0.7428932189941406,17237,2
"T,M,Y,I",50,18.29043197631836,20.844676971435547,0.12253703900604414,19.20254898071289,0.9121170043945312,17237,2
"T,M,Y,I",51,15.641803741455078,17.95376968383789,0.12877328734277238,16.01685905456543,0.37505531311035156,17237,2
"T,M,Y,I",52,17.72624397277832,20.654285430908203,0.14176435529201128,18.649375915527344,0.9231319427490234,17237,2
"T,M,Y,I,S",42,16.508562088012695,19.11260414123535,0.1362473702683167,17.254837036132812,0.7462749481201172,17238,2
"T,M,Y,I,S",43,15.571388244628906,17.97795867919922,0.13386227421663574,16.307798385620117,0.7364101409912109,17238,2
"T,M,Y,I,S",44,17.872066497802734,20.755931854248047,0.13894174333854742,20.3840389251709,2.511972427368164,17238,2
"T,M,Y,I,S",45,16.104585647583008,18.384902954101562,0.12403205566063809,16.87846565246582,0.7738800048828125,17238,2
"T,M,Y,I,S",46,15.068581581115723,16.996112823486328,0.11341012279625598,15.564866065979004,0.49628448486328125,17238,2
"T,M,Y,I,S",47,17.69782257080078,19.918912887573242,0.11150660326237616,18.21786117553711,0.5200386047363281,17238,2
"T,M,Y,I,S",48,16.433534622192383,18.424585342407227,0.10806488630341719,17.026798248291016,0.5932636260986328,17238,2
"T,M,Y,I,S",49,18.113643646240234,20.035024642944336,0.09590110473763493,19.05434799194336,0.940704345703125,17238,2
"T,M,Y,I,S",50,18.472932815551758,20.844676971435547,0.11378176592200988,19.20254898071289,0.7296161651611328,17238,2
"T,M,Y,I,S",51,15.732037544250488,17.95376968383789,0.12374739003070877,16.01685905456543,0.2848215103149414,17238,2
"T,M,Y,I,S",52,17.729450225830078,20.654285430908203,0.14160912101569206,18.649375915527344,0.9199256896972656,17238,2
